ReturnID,OrderID,OrderItemID,ReturnDate,ReturnReason,ReturnStatus
RET0000001,ORD0000680,ITEM00002883,2026-05-17,Wrong Item,Approved
RET0000002,ORD0004066,ITEM00003885,2026-09-08,Customer Changed Mind,Approved
RET0000003,ORD0001339,ITEM00000173,2026-09-18,Wrong Item,Approved
RET0000004,ORD0003062,ITEM00000857,2026-05-22,Damaged,Approved
RET0000005,ORD0002242,ITEM00002033,2026-04-30,Damaged,Approved
RET0000006,ORD0001651,ITEM00001383,2026-05-11,Damaged,Approved
RET0000007,ORD0003783,ITEM00000706,2026-03-14,Quality Issue,Approved
RET0000008,ORD0001479,ITEM00003467,2026-04-08,Quality Issue,Approved
RET0000009,ORD0003902,ITEM00003264,2026-04-28,Quality Issue,Approved
RET0000010,ORD0003410,ITEM00003795,2026-10-05,Late Delivery,Approved
RET0000011,ORD0000384,ITEM00000540,2026-08-26,Late Delivery,Approved
RET0000012,ORD0002056,ITEM00003158,2026-04-14,Customer Changed Mind,Approved
RET0000013,ORD0000614,ITEM00002654,2026-07-30,Customer Changed Mind,Approved
RET0000014,ORD0003533,ITEM00003855,2026-02-05,Late Delivery,Approved
RET0000015,ORD0003415,ITEM00001472,2026-04-04,Customer Changed Mind,Approved
RET0000016,ORD0001054,ITEM00000991,2026-02-11,Late Delivery,Approved
RET0000017,ORD0003898,ITEM00003560,2026-03-22,Quality Issue,Approved
RET0000018,ORD0000319,ITEM00002623,2026-04-30,Wrong Item,Approved
RET0000019,ORD0002934,ITEM00000696,2026-05-02,Customer Changed Mind,Approved
RET0000020,ORD0001943,ITEM00002847,2026-06-02,Damaged,Approved
RET0000021,ORD0003216,ITEM00000465,2026-09-19,Wrong Item,Approved
RET0000022,ORD0000713,ITEM00001843,2026-02-05,Quality Issue,Approved
RET0000023,ORD0000059,ITEM00000267,2026-08-28,Late Delivery,Approved
RET0000024,ORD0001206,ITEM00000270,2026-04-13,Quality Issue,Approved
RET0000025,ORD0001932,ITEM00000565,2026-08-26,Customer Changed Mind,Rejected
RET0000026,ORD0003370,ITEM00003854,2026-03-07,Wrong Item,Approved
RET0000027,ORD0001538,ITEM00001550,2026-08-07,Quality Issue,Approved
RET0000028,ORD0000330,ITEM00000019,2026-08-04,Late Delivery,Approved
RET0000029,ORD0003568,ITEM00001722,2026-04-17,Late Delivery,Approved
RET0000030,ORD0000765,ITEM00000791,2026-03-25,Wrong Item,Approved
RET0000031,ORD0000956,ITEM00001188,2026-09-08,Customer Changed Mind,Approved
RET0000032,ORD0001476,ITEM00001663,2026-06-07,Quality Issue,Approved
RET0000033,ORD0001489,ITEM00000034,2026-08-09,Late Delivery,Approved
RET0000034,ORD0004147,ITEM00003773,2026-05-17,Late Delivery,Approved
RET0000035,ORD0004101,ITEM00000996,2026-05-05,Quality Issue,Approved
RET0000036,ORD0002089,ITEM00001167,2026-08-07,Wrong Item,Approved
RET0000037,ORD0000146,ITEM00000925,2026-03-17,Customer Changed Mind,Rejected
RET0000038,ORD0003976,ITEM00001329,2026-05-31,Quality Issue,Approved
RET0000039,ORD0002298,ITEM00003303,2026-08-30,Quality Issue,Approved
RET0000040,ORD0001529,ITEM00002207,2026-07-29,Customer Changed Mind,Approved
RET0000041,ORD0000859,ITEM00002807,2026-03-10,Late Delivery,Approved
RET0000042,ORD0001210,ITEM00000011,2026-09-13,Quality Issue,Approved
RET0000043,ORD0001155,ITEM00001100,2026-05-04,Wrong Item,Approved
RET0000044,ORD0001642,ITEM00000236,2026-03-23,Late Delivery,Approved
RET0000045,ORD0002580,ITEM00002706,2026-05-15,Quality Issue,Approved
RET0000046,ORD0001632,ITEM00001916,2026-08-03,Late Delivery,Approved
RET0000047,ORD0001471,ITEM00000122,2026-07-21,Wrong Item,Rejected
RET0000048,ORD0003167,ITEM00002117,2026-09-19,Customer Changed Mind,Approved
RET0000049,ORD0001575,ITEM00000815,2026-07-26,Quality Issue,Approved
RET0000050,ORD0002716,ITEM00000746,2026-08-19,Late Delivery,Approved
RET0000051,ORD0002345,ITEM00001353,2026-06-18,Wrong Item,Approved
RET0000052,ORD0000114,ITEM00000641,2026-06-04,Wrong Item,Approved
RET0000053,ORD0002742,ITEM00003081,2026-02-04,Late Delivery,Approved
RET0000054,ORD0001206,ITEM00001625,2026-04-07,Quality Issue,Approved
RET0000055,ORD0002834,ITEM00003786,2026-08-17,Customer Changed Mind,Approved
RET0000056,ORD0000472,ITEM00003848,2026-06-07,Quality Issue,Approved
RET0000057,ORD0000227,ITEM00002701,2026-08-29,Customer Changed Mind,Rejected
RET0000058,ORD0002848,ITEM00000388,2026-06-26,Wrong Item,Approved
RET0000059,ORD0002668,ITEM00003708,2026-07-30,Wrong Item,Approved
RET0000060,ORD0001064,ITEM00001345,2026-03-04,Late Delivery,Approved
RET0000061,ORD0003732,ITEM00003788,2026-01-30,Quality Issue,Approved
RET0000062,ORD0002811,ITEM00001412,2026-07-03,Wrong Item,Approved
RET0000063,ORD0000249,ITEM00000570,2026-08-07,Quality Issue,Approved
RET0000064,ORD0003320,ITEM00000051,2026-01-13,Wrong Item,Approved
RET0000065,ORD0002336,ITEM00002179,2026-08-06,Damaged,Approved
RET0000066,ORD0004050,ITEM00002221,2026-03-03,Customer Changed Mind,Rejected
RET0000067,ORD0003991,ITEM00002687,2026-04-19,Quality Issue,Approved
RET0000068,ORD0002591,ITEM00002940,2026-03-23,Late Delivery,Approved
RET0000069,ORD0002618,ITEM00001284,2026-03-16,Wrong Item,Approved
RET0000070,ORD0001834,ITEM00003529,2026-06-05,Wrong Item,Approved
RET0000071,ORD0003795,ITEM00001258,2026-04-23,Wrong Item,Approved
RET0000072,ORD0003412,ITEM00003557,2026-03-15,Quality Issue,Approved
RET0000073,ORD0002814,ITEM00003600,2026-05-12,Damaged,Approved
RET0000074,ORD0003518,ITEM00002970,2026-04-10,Customer Changed Mind,Approved
RET0000075,ORD0001905,ITEM00001400,2026-02-20,Customer Changed Mind,Rejected
RET0000076,ORD0002351,ITEM00002629,2026-05-25,Customer Changed Mind,Approved
RET0000077,ORD0001306,ITEM00003896,2026-09-12,Damaged,Approved
RET0000078,ORD0001246,ITEM00003347,2026-02-06,Wrong Item,Approved
RET0000079,ORD0001915,ITEM00002153,2026-07-09,Quality Issue,Approved
RET0000080,ORD0002254,ITEM00002790,2026-02-07,Wrong Item,Approved
RET0000081,ORD0003654,ITEM00000088,2026-08-01,Damaged,Approved
RET0000082,ORD0004115,ITEM00000761,2026-04-18,Customer Changed Mind,Approved
RET0000083,ORD0004085,ITEM00002304,2026-03-23,Quality Issue,Approved
RET0000084,ORD0001530,ITEM00003656,2026-09-01,Damaged,Approved
RET0000085,ORD0003372,ITEM00000980,2026-08-16,Wrong Item,Approved
RET0000086,ORD0004122,ITEM00000900,2026-04-24,Wrong Item,Approved
RET0000087,ORD0003232,ITEM00000597,2026-08-20,Late Delivery,Approved
RET0000088,ORD0002405,ITEM00001157,2026-07-14,Customer Changed Mind,Approved
RET0000089,ORD0000769,ITEM00003312,2026-05-06,Wrong Item,Approved
RET0000090,ORD0002493,ITEM00003255,2026-02-01,Late Delivery,Approved
RET0000091,ORD0000272,ITEM00003625,2026-08-08,Quality Issue,Approved
RET0000092,ORD0000576,ITEM00001554,2026-04-26,Damaged,Approved
RET0000093,ORD0001113,ITEM00000320,2026-08-25,Wrong Item,Approved
RET0000094,ORD0000016,ITEM00002234,2026-06-29,Wrong Item,Approved
RET0000095,ORD0000498,ITEM00003784,2026-09-17,Customer Changed Mind,Approved
RET0000096,ORD0002879,ITEM00003520,2026-03-01,Damaged,Approved
RET0000097,ORD0001508,ITEM00002205,2026-09-03,Wrong Item,Approved
RET0000098,ORD0000812,ITEM00003177,2026-09-28,Damaged,Approved
RET0000099,ORD0001990,ITEM00001636,2026-08-27,Quality Issue,Approved
RET0000100,ORD0003991,ITEM00001312,2026-04-20,Damaged,Approved
RET0000101,ORD0000101,ITEM00000059,2026-06-09,Late Delivery,Approved
RET0000102,ORD0001034,ITEM00003818,2026-03-17,Late Delivery,Approved
RET0000103,ORD0002852,ITEM00002111,2026-08-13,Wrong Item,Approved
RET0000104,ORD0001711,ITEM00002068,2026-09-11,Quality Issue,Approved
RET0000105,ORD0000990,ITEM00001711,2026-07-16,Customer Changed Mind,Approved
RET0000106,ORD0003013,ITEM00003878,2026-07-18,Customer Changed Mind,Approved
RET0000107,ORD0002276,ITEM00003357,2026-02-26,Damaged,Approved
RET0000108,ORD0000405,ITEM00002371,2026-07-26,Wrong Item,Approved
RET0000109,ORD0001494,ITEM00000732,2026-03-06,Quality Issue,Approved
RET0000110,ORD0002866,ITEM00003977,2026-09-22,Late Delivery,Approved
RET0000111,ORD0000154,ITEM00003006,2026-08-19,Damaged,Rejected
RET0000112,ORD0003008,ITEM00002988,2026-09-23,Damaged,Approved
RET0000113,ORD0003282,ITEM00003380,2026-05-26,Customer Changed Mind,Approved
RET0000114,ORD0003455,ITEM00003623,2026-05-21,Damaged,Approved
RET0000115,ORD0001562,ITEM00001549,2026-03-27,Damaged,Rejected
RET0000116,ORD0000452,ITEM00001037,2026-06-10,Wrong Item,Approved
RET0000117,ORD0001235,ITEM00000245,2026-09-17,Customer Changed Mind,Approved
RET0000118,ORD0002485,ITEM00000188,2026-08-29,Quality Issue,Approved
RET0000119,ORD0003087,ITEM00000663,2026-03-26,Wrong Item,Approved
RET0000120,ORD0001592,ITEM00002008,2026-06-06,Wrong Item,Approved
RET0000121,ORD0000617,ITEM00002907,2026-03-19,Damaged,Approved
RET0000122,ORD0002128,ITEM00000652,2026-05-02,Late Delivery,Approved
RET0000123,ORD0004096,ITEM00003484,2026-01-25,Damaged,Approved
RET0000124,ORD0001322,ITEM00002288,2026-09-08,Quality Issue,Approved
RET0000125,ORD0002648,ITEM00003682,2026-01-16,Customer Changed Mind,Approved
RET0000126,ORD0001365,ITEM00000528,2026-03-01,Damaged,Approved
RET0000127,ORD0003100,ITEM00000837,2026-06-05,Damaged,Approved
RET0000128,ORD0001620,ITEM00002464,2026-07-25,Wrong Item,Approved
RET0000129,ORD0003327,ITEM00002121,2026-08-29,Damaged,Approved
RET0000130,ORD0001270,ITEM00003071,2026-07-01,Wrong Item,Approved
RET0000131,ORD0001767,ITEM00001716,2026-02-13,Quality Issue,Rejected
RET0000132,ORD0001135,ITEM00000195,2026-08-17,Wrong Item,Approved
RET0000133,ORD0001926,ITEM00003280,2026-08-31,Quality Issue,Approved
RET0000134,ORD0001790,ITEM00000141,2026-03-08,Damaged,Approved
RET0000135,ORD0002190,ITEM00001593,2026-07-20,Damaged,Approved
RET0000136,ORD0001918,ITEM00001746,2026-05-11,Late Delivery,Approved
RET0000137,ORD0002429,ITEM00002733,2026-04-12,Late Delivery,Approved
RET0000138,ORD0003531,ITEM00002759,2026-03-01,Quality Issue,Approved
RET0000139,ORD0003742,ITEM00003922,2026-05-13,Quality Issue,Approved
RET0000140,ORD0004106,ITEM00001650,2026-05-19,Quality Issue,Approved
RET0000141,ORD0003574,ITEM00002767,2026-06-07,Quality Issue,Approved
RET0000142,ORD0000874,ITEM00001012,2026-04-05,Late Delivery,Approved
RET0000143,ORD0003491,ITEM00002486,2026-06-28,Quality Issue,Approved
RET0000144,ORD0002704,ITEM00001977,2026-08-22,Late Delivery,Approved
RET0000145,ORD0001158,ITEM00001196,2026-01-31,Damaged,Approved
RET0000146,ORD0003596,ITEM00002490,2026-09-27,Customer Changed Mind,Approved
RET0000147,ORD0002086,ITEM00000810,2026-06-19,Quality Issue,Approved
RET0000148,ORD0002382,ITEM00001653,2026-03-01,Wrong Item,Approved
RET0000149,ORD0002933,ITEM00000972,2026-01-29,Wrong Item,Rejected
RET0000150,ORD0003850,ITEM00003956,2026-09-30,Damaged,Approved
RET0000151,ORD0001117,ITEM00002175,2026-03-24,Late Delivery,Approved
RET0000152,ORD0000497,ITEM00001076,2026-09-08,Customer Changed Mind,Approved
RET0000153,ORD0003511,ITEM00000803,2026-05-24,Quality Issue,Approved
RET0000154,ORD0001238,ITEM00000860,2026-05-11,Damaged,Approved
RET0000155,ORD0001975,ITEM00001786,2026-07-15,Damaged,Approved
RET0000156,ORD0003033,ITEM00003034,2026-03-16,Customer Changed Mind,Approved
RET0000157,ORD0003532,ITEM00001980,2026-07-29,Wrong Item,Approved
RET0000158,ORD0001516,ITEM00000210,2026-07-15,Customer Changed Mind,Approved
RET0000159,ORD0003032,ITEM00002991,2026-05-04,Wrong Item,Approved
RET0000160,ORD0002928,ITEM00001288,2026-03-28,Wrong Item,Approved
RET0000161,ORD0000047,ITEM00002039,2026-04-12,Damaged,Approved
RET0000162,ORD0003578,ITEM00003101,2026-08-28,Late Delivery,Approved
RET0000163,ORD0001473,ITEM00002903,2026-02-26,Wrong Item,Approved
RET0000164,ORD0003745,ITEM00001534,2026-08-11,Customer Changed Mind,Approved
RET0000165,ORD0000533,ITEM00003171,2026-01-24,Damaged,Approved
RET0000166,ORD0000527,ITEM00002126,2026-06-03,Wrong Item,Approved
RET0000167,ORD0000037,ITEM00003463,2026-07-11,Wrong Item,Approved
RET0000168,ORD0002898,ITEM00001794,2026-08-22,Damaged,Approved
RET0000169,ORD0002740,ITEM00002352,2026-09-14,Customer Changed Mind,Approved
RET0000170,ORD0001125,ITEM00002149,2026-07-14,Wrong Item,Approved
RET0000171,ORD0000398,ITEM00002017,2026-06-10,Quality Issue,Approved
RET0000172,ORD0002742,ITEM00002686,2026-02-19,Quality Issue,Approved
RET0000173,ORD0001349,ITEM00001669,2026-08-29,Late Delivery,Rejected
RET0000174,ORD0003611,ITEM00002005,2026-05-18,Customer Changed Mind,Approved
RET0000175,ORD0000630,ITEM00003622,2026-06-11,Quality Issue,Approved
RET0000176,ORD0003223,ITEM00002431,2026-08-07,Damaged,Approved
RET0000177,ORD0000961,ITEM00000137,2026-08-16,Wrong Item,Approved
RET0000178,ORD0003722,ITEM00000651,2026-01-23,Damaged,Approved
RET0000179,ORD0003847,ITEM00003030,2026-09-18,Late Delivery,Approved
RET0000180,ORD0001405,ITEM00000379,2026-05-11,Quality Issue,Approved
RET0000181,ORD0003576,ITEM00000144,2026-04-27,Customer Changed Mind,Approved
RET0000182,ORD0001025,ITEM00002626,2026-08-12,Customer Changed Mind,Approved
RET0000183,ORD0003708,ITEM00001164,2026-08-04,Damaged,Approved
RET0000184,ORD0001247,ITEM00003095,2026-05-20,Late Delivery,Approved
RET0000185,ORD0003496,ITEM00002064,2026-03-12,Damaged,Approved
RET0000186,ORD0000951,ITEM00000786,2026-03-20,Quality Issue,Approved
RET0000187,ORD0002897,ITEM00002241,2026-02-04,Late Delivery,Approved
RET0000188,ORD0003647,ITEM00000504,2026-09-11,Damaged,Approved
RET0000189,ORD0000594,ITEM00001136,2026-03-28,Customer Changed Mind,Approved
RET0000190,ORD0001635,ITEM00000209,2026-09-02,Quality Issue,Approved
RET0000191,ORD0003636,ITEM00003859,2026-05-18,Customer Changed Mind,Approved
RET0000192,ORD0002574,ITEM00000600,2026-07-24,Customer Changed Mind,Approved
RET0000193,ORD0003840,ITEM00001461,2026-05-09,Customer Changed Mind,Approved
RET0000194,ORD0002513,ITEM00001792,2026-09-02,Late Delivery,Rejected
RET0000195,ORD0001487,ITEM00000411,2026-01-25,Late Delivery,Approved
RET0000196,ORD0001991,ITEM00001582,2026-03-01,Wrong Item,Approved
RET0000197,ORD0002064,ITEM00000363,2026-06-19,Late Delivery,Approved
RET0000198,ORD0002885,ITEM00000692,2026-04-26,Customer Changed Mind,Approved
RET0000199,ORD0000807,ITEM00000097,2026-04-17,Customer Changed Mind,Approved
RET0000200,ORD0000808,ITEM00000682,2026-05-01,Wrong Item,Approved
RET0000201,ORD0001527,ITEM00003849,2026-09-06,Damaged,Approved
RET0000202,ORD0002762,ITEM00002707,2026-04-11,Late Delivery,Approved
RET0000203,ORD0000769,ITEM00002252,2026-05-25,Wrong Item,Approved
RET0000204,ORD0000160,ITEM00001666,2026-02-28,Late Delivery,Approved
RET0000205,ORD0001546,ITEM00002284,2026-02-14,Late Delivery,Approved
RET0000206,ORD0000577,ITEM00000140,2026-07-31,Quality Issue,Approved
RET0000207,ORD0000482,ITEM00000239,2026-04-23,Damaged,Approved
RET0000208,ORD0004092,ITEM00000398,2026-05-01,Customer Changed Mind,Approved
RET0000209,ORD0002146,ITEM00001464,2026-04-06,Late Delivery,Approved
RET0000210,ORD0003224,ITEM00001558,2026-07-14,Late Delivery,Approved
RET0000211,ORD0002759,ITEM00002932,2026-05-22,Quality Issue,Approved
RET0000212,ORD0001242,ITEM00002479,2026-07-24,Late Delivery,Approved
RET0000213,ORD0002948,ITEM00002309,2026-06-19,Customer Changed Mind,Rejected
RET0000214,ORD0000248,ITEM00000964,2026-08-07,Late Delivery,Approved
RET0000215,ORD0000141,ITEM00000729,2026-08-09,Quality Issue,Approved
RET0000216,ORD0001498,ITEM00003801,2026-09-04,Late Delivery,Approved
RET0000217,ORD0003522,ITEM00003162,2026-09-06,Damaged,Approved
RET0000218,ORD0001314,ITEM00002863,2026-06-11,Quality Issue,Approved
RET0000219,ORD0003470,ITEM00002497,2026-03-20,Late Delivery,Approved
RET0000220,ORD0002917,ITEM00002918,2026-01-30,Wrong Item,Approved
RET0000221,ORD0001641,ITEM00000328,2026-07-04,Wrong Item,Approved
RET0000222,ORD0002174,ITEM00000106,2026-03-20,Customer Changed Mind,Approved
RET0000223,ORD0000048,ITEM00000984,2026-02-12,Quality Issue,Approved
RET0000224,ORD0001114,ITEM00002732,2026-02-12,Damaged,Approved
RET0000225,ORD0003311,ITEM00000070,2026-09-10,Damaged,Approved
RET0000226,ORD0001138,ITEM00002521,2026-08-04,Quality Issue,Approved
RET0000227,ORD0003745,ITEM00000203,2026-08-21,Damaged,Approved
RET0000228,ORD0002465,ITEM00001996,2026-08-19,Damaged,Approved
RET0000229,ORD0002054,ITEM00003074,2026-01-24,Late Delivery,Approved
RET0000230,ORD0002090,ITEM00001737,2026-02-17,Quality Issue,Approved
RET0000231,ORD0004176,ITEM00003671,2026-03-21,Quality Issue,Approved
RET0000232,ORD0003957,ITEM00000262,2026-06-14,Damaged,Approved
RET0000233,ORD0003927,ITEM00001155,2026-03-26,Customer Changed Mind,Approved
RET0000234,ORD0002290,ITEM00002806,2026-05-17,Quality Issue,Approved
RET0000235,ORD0000952,ITEM00002249,2026-04-19,Quality Issue,Approved
RET0000236,ORD0002795,ITEM00002538,2026-04-03,Quality Issue,Approved
RET0000237,ORD0000911,ITEM00002583,2026-05-01,Late Delivery,Approved
RET0000238,ORD0001089,ITEM00001588,2026-01-10,Customer Changed Mind,Approved
RET0000239,ORD0001102,ITEM00002150,2026-02-23,Customer Changed Mind,Approved
RET0000240,ORD0003077,ITEM00003311,2026-03-05,Damaged,Rejected
RET0000241,ORD0001343,ITEM00000716,2026-02-22,Wrong Item,Approved
RET0000242,ORD0000777,ITEM00003991,2026-05-23,Late Delivery,Approved
RET0000243,ORD0003178,ITEM00002353,2026-04-17,Customer Changed Mind,Rejected
RET0000244,ORD0003960,ITEM00003828,2026-02-14,Customer Changed Mind,Approved
RET0000245,ORD0002455,ITEM00000396,2026-07-22,Quality Issue,Rejected
RET0000246,ORD0000557,ITEM00002667,2026-07-02,Wrong Item,Approved
RET0000247,ORD0001287,ITEM00001115,2026-04-02,Quality Issue,Approved
RET0000248,ORD0004193,ITEM00002720,2026-02-08,Late Delivery,Approved
RET0000249,ORD0002992,ITEM00001789,2026-05-19,Quality Issue,Approved
RET0000250,ORD0001002,ITEM00003087,2026-09-29,Quality Issue,Approved
RET0000251,ORD0000812,ITEM00002805,2026-09-24,Customer Changed Mind,Approved
RET0000252,ORD0001614,ITEM00000003,2026-04-21,Late Delivery,Approved
RET0000253,ORD0002053,ITEM00000418,2026-06-11,Customer Changed Mind,Approved
RET0000254,ORD0000905,ITEM00000476,2026-06-16,Quality Issue,Approved
RET0000255,ORD0002060,ITEM00003319,2026-04-27,Quality Issue,Approved
RET0000256,ORD0000171,ITEM00000995,2026-02-05,Damaged,Approved
RET0000257,ORD0001240,ITEM00003835,2026-07-19,Damaged,Approved
RET0000258,ORD0002422,ITEM00000933,2026-01-24,Quality Issue,Approved
RET0000259,ORD0004034,ITEM00001774,2026-03-21,Wrong Item,Approved
RET0000260,ORD0000408,ITEM00001609,2026-01-07,Quality Issue,Approved
RET0000261,ORD0002803,ITEM00003911,2026-09-24,Wrong Item,Approved
RET0000262,ORD0003506,ITEM00001378,2026-06-25,Quality Issue,Approved
RET0000263,ORD0003688,ITEM00002463,2026-06-18,Wrong Item,Approved
RET0000264,ORD0002142,ITEM00001221,2026-07-07,Wrong Item,Approved
RET0000265,ORD0001916,ITEM00003204,2026-07-25,Damaged,Approved
RET0000266,ORD0004174,ITEM00001216,2026-03-14,Wrong Item,Approved
RET0000267,ORD0000993,ITEM00003586,2026-03-03,Quality Issue,Approved
RET0000268,ORD0003854,ITEM00003438,2026-03-11,Wrong Item,Approved
RET0000269,ORD0000321,ITEM00003149,2026-04-30,Damaged,Approved
RET0000270,ORD0000933,ITEM00002061,2026-05-26,Late Delivery,Approved
RET0000271,ORD0002673,ITEM00000543,2026-04-20,Damaged,Approved
RET0000272,ORD0001070,ITEM00001357,2026-07-04,Quality Issue,Approved
RET0000273,ORD0001148,ITEM00003797,2026-04-12,Damaged,Approved
RET0000274,ORD0000029,ITEM00000220,2026-03-10,Wrong Item,Approved
RET0000275,ORD0003405,ITEM00001965,2026-06-11,Customer Changed Mind,Approved
RET0000276,ORD0002949,ITEM00002282,2026-09-10,Late Delivery,Approved
RET0000277,ORD0000879,ITEM00001946,2026-07-25,Quality Issue,Approved
RET0000278,ORD0003266,ITEM00001514,2026-04-02,Customer Changed Mind,Approved
RET0000279,ORD0003482,ITEM00001069,2026-08-15,Late Delivery,Rejected
RET0000280,ORD0002656,ITEM00003846,2026-01-23,Quality Issue,Approved
RET0000281,ORD0003886,ITEM00002882,2026-02-12,Quality Issue,Approved
RET0000282,ORD0000376,ITEM00003841,2026-01-16,Late Delivery,Rejected
RET0000283,ORD0000848,ITEM00001125,2026-06-28,Damaged,Approved
RET0000284,ORD0000083,ITEM00003084,2026-06-22,Customer Changed Mind,Approved
RET0000285,ORD0002492,ITEM00000400,2026-08-17,Damaged,Approved
RET0000286,ORD0001114,ITEM00002714,2026-02-05,Late Delivery,Approved
RET0000287,ORD0003749,ITEM00000598,2026-09-23,Wrong Item,Approved
RET0000288,ORD0003600,ITEM00002445,2026-02-24,Late Delivery,Approved
RET0000289,ORD0000160,ITEM00002657,2026-02-25,Quality Issue,Approved
RET0000290,ORD0001236,ITEM00002841,2026-06-06,Quality Issue,Approved
RET0000291,ORD0000813,ITEM00003993,2026-09-17,Late Delivery,Approved
RET0000292,ORD0001575,ITEM00000645,2026-08-09,Quality Issue,Approved
RET0000293,ORD0001392,ITEM00000056,2026-08-14,Quality Issue,Approved
RET0000294,ORD0003569,ITEM00003587,2026-04-23,Damaged,Approved
RET0000295,ORD0002311,ITEM00002682,2026-09-10,Customer Changed Mind,Approved
RET0000296,ORD0002114,ITEM00002159,2026-03-18,Wrong Item,Approved
RET0000297,ORD0000440,ITEM00000580,2026-03-07,Late Delivery,Rejected
RET0000298,ORD0000351,ITEM00002183,2026-02-02,Late Delivery,Approved
RET0000299,ORD0003328,ITEM00001900,2026-08-03,Quality Issue,Approved
RET0000300,ORD0000904,ITEM00000531,2026-07-25,Late Delivery,Approved
RET0000301,ORD0000852,ITEM00000591,2026-02-12,Wrong Item,Approved
RET0000302,ORD0003425,ITEM00001027,2026-09-11,Quality Issue,Approved
RET0000303,ORD0000298,ITEM00000466,2026-06-01,Wrong Item,Approved
RET0000304,ORD0003851,ITEM00000109,2026-01-03,Quality Issue,Approved
RET0000305,ORD0002015,ITEM00000316,2026-06-14,Late Delivery,Approved
RET0000306,ORD0001004,ITEM00001586,2026-04-08,Wrong Item,Approved
RET0000307,ORD0000033,ITEM00000083,2026-02-12,Late Delivery,Approved
RET0000308,ORD0003069,ITEM00002937,2026-08-11,Wrong Item,Approved
RET0000309,ORD0001951,ITEM00001684,2026-08-07,Quality Issue,Approved
RET0000310,ORD0001326,ITEM00003348,2026-05-02,Quality Issue,Approved
RET0000311,ORD0001333,ITEM00000946,2026-09-30,Quality Issue,Approved
RET0000312,ORD0001933,ITEM00003749,2026-06-16,Quality Issue,Approved
RET0000313,ORD0002496,ITEM00002134,2026-05-17,Quality Issue,Approved
RET0000314,ORD0001150,ITEM00000343,2026-10-04,Wrong Item,Approved
RET0000315,ORD0001979,ITEM00003421,2026-02-18,Damaged,Approved
RET0000316,ORD0002244,ITEM00003877,2026-03-01,Customer Changed Mind,Approved
RET0000317,ORD0000168,ITEM00003181,2026-07-29,Quality Issue,Approved
RET0000318,ORD0003128,ITEM00002168,2026-08-01,Damaged,Approved
RET0000319,ORD0001275,ITEM00000756,2026-05-14,Late Delivery,Approved
RET0000320,ORD0000313,ITEM00003739,2026-02-25,Quality Issue,Approved
RET0000321,ORD0003376,ITEM00002211,2026-01-14,Damaged,Approved
RET0000322,ORD0000242,ITEM00001880,2026-06-28,Customer Changed Mind,Approved
RET0000323,ORD0000239,ITEM00001311,2026-07-02,Quality Issue,Approved
RET0000324,ORD0001899,ITEM00002122,2026-05-29,Quality Issue,Rejected
RET0000325,ORD0003698,ITEM00002582,2026-02-26,Quality Issue,Approved
RET0000326,ORD0000136,ITEM00003279,2026-07-27,Wrong Item,Approved
RET0000327,ORD0003834,ITEM00003610,2026-02-19,Damaged,Approved
RET0000328,ORD0002687,ITEM00003170,2026-04-28,Customer Changed Mind,Approved
RET0000329,ORD0003435,ITEM00001082,2026-09-03,Late Delivery,Approved
RET0000330,ORD0003191,ITEM00001442,2026-05-27,Damaged,Approved
RET0000331,ORD0000847,ITEM00000710,2026-02-07,Customer Changed Mind,Approved
RET0000332,ORD0002658,ITEM00001306,2026-09-30,Quality Issue,Approved
RET0000333,ORD0002073,ITEM00003273,2026-03-28,Late Delivery,Approved
RET0000334,ORD0004184,ITEM00001003,2026-02-07,Damaged,Approved
RET0000335,ORD0002831,ITEM00003288,2026-03-29,Quality Issue,Approved
RET0000336,ORD0003863,ITEM00000186,2026-03-01,Late Delivery,Approved
RET0000337,ORD0002156,ITEM00002813,2026-05-25,Damaged,Approved
RET0000338,ORD0002613,ITEM00000421,2026-05-01,Customer Changed Mind,Approved
RET0000339,ORD0004170,ITEM00002515,2026-06-14,Wrong Item,Approved
RET0000340,ORD0001135,ITEM00002688,2026-08-12,Late Delivery,Approved
RET0000341,ORD0003693,ITEM00003626,2026-05-11,Quality Issue,Approved
RET0000342,ORD0000746,ITEM00001394,2026-07-15,Quality Issue,Approved
RET0000343,ORD0001202,ITEM00002261,2026-05-13,Customer Changed Mind,Approved
RET0000344,ORD0001977,ITEM00001541,2026-02-06,Quality Issue,Approved
RET0000345,ORD0004139,ITEM00001108,2026-09-07,Late Delivery,Approved
RET0000346,ORD0001722,ITEM00001120,2026-05-03,Damaged,Approved
RET0000347,ORD0001138,ITEM00000395,2026-08-05,Wrong Item,Approved
RET0000348,ORD0002969,ITEM00001986,2026-01-20,Wrong Item,Approved
RET0000349,ORD0000206,ITEM00002677,2026-05-18,Customer Changed Mind,Approved
RET0000350,ORD0003111,ITEM00001080,2026-02-11,Wrong Item,Approved
RET0000351,ORD0000226,ITEM00002796,2026-08-01,Late Delivery,Approved
RET0000352,ORD0001140,ITEM00003935,2026-06-18,Quality Issue,Approved
RET0000353,ORD0003097,ITEM00002921,2026-05-02,Quality Issue,Approved
RET0000354,ORD0001208,ITEM00002995,2026-08-11,Quality Issue,Approved
RET0000355,ORD0003516,ITEM00001955,2026-03-22,Wrong Item,Approved
RET0000356,ORD0003698,ITEM00002231,2026-02-27,Damaged,Rejected
RET0000357,ORD0004083,ITEM00003146,2026-03-18,Wrong Item,Approved
RET0000358,ORD0000531,ITEM00002827,2026-07-18,Wrong Item,Approved
RET0000359,ORD0001333,ITEM00000489,2026-09-24,Wrong Item,Approved
RET0000360,ORD0002236,ITEM00003229,2026-09-03,Wrong Item,Approved
RET0000361,ORD0003946,ITEM00001991,2026-05-23,Wrong Item,Rejected
RET0000362,ORD0002070,ITEM00002423,2026-06-14,Quality Issue,Rejected
RET0000363,ORD0004079,ITEM00000533,2026-06-04,Damaged,Approved
RET0000364,ORD0003046,ITEM00000854,2026-08-12,Wrong Item,Approved
RET0000365,ORD0002219,ITEM00003485,2026-06-03,Wrong Item,Approved
RET0000366,ORD0002419,ITEM00000196,2026-01-29,Quality Issue,Approved
RET0000367,ORD0003982,ITEM00001710,2026-05-23,Quality Issue,Rejected
RET0000368,ORD0003490,ITEM00000194,2026-02-19,Wrong Item,Rejected
RET0000369,ORD0002152,ITEM00002575,2026-02-28,Wrong Item,Approved
RET0000370,ORD0002952,ITEM00002716,2026-08-23,Late Delivery,Approved
RET0000371,ORD0002694,ITEM00001067,2026-02-03,Damaged,Approved
RET0000372,ORD0002247,ITEM00000324,2026-05-26,Damaged,Approved
RET0000373,ORD0003563,ITEM00001002,2026-04-08,Customer Changed Mind,Approved
RET0000374,ORD0001251,ITEM00000797,2026-02-04,Damaged,Approved
RET0000375,ORD0002366,ITEM00002652,2026-06-06,Customer Changed Mind,Approved
RET0000376,ORD0003521,ITEM00001503,2026-03-02,Late Delivery,Approved
RET0000377,ORD0000132,ITEM00003709,2026-07-15,Damaged,Approved
RET0000378,ORD0000329,ITEM00000646,2026-02-18,Customer Changed Mind,Approved
RET0000379,ORD0000950,ITEM00001421,2026-05-02,Quality Issue,Approved
RET0000380,ORD0001441,ITEM00003243,2026-03-19,Damaged,Approved
RET0000381,ORD0000752,ITEM00000596,2026-07-02,Quality Issue,Approved
RET0000382,ORD0001100,ITEM00001860,2026-04-03,Customer Changed Mind,Approved
RET0000383,ORD0000266,ITEM00002565,2026-02-01,Customer Changed Mind,Approved
RET0000384,ORD0003123,ITEM00001229,2026-02-19,Wrong Item,Approved
RET0000385,ORD0001121,ITEM00003782,2026-03-18,Quality Issue,Approved
RET0000386,ORD0001180,ITEM00002320,2026-05-23,Customer Changed Mind,Approved
RET0000387,ORD0002866,ITEM00003722,2026-09-30,Customer Changed Mind,Approved
RET0000388,ORD0003941,ITEM00001042,2026-03-18,Wrong Item,Approved
RET0000389,ORD0003690,ITEM00003852,2026-05-31,Customer Changed Mind,Approved
RET0000390,ORD0003459,ITEM00000461,2026-09-16,Damaged,Approved
RET0000391,ORD0002724,ITEM00000325,2026-02-17,Customer Changed Mind,Approved
RET0000392,ORD0000383,ITEM00000401,2026-08-16,Customer Changed Mind,Approved
RET0000393,ORD0000972,ITEM00001116,2026-04-13,Late Delivery,Approved
RET0000394,ORD0003414,ITEM00003633,2026-07-20,Wrong Item,Approved
RET0000395,ORD0004134,ITEM00001320,2026-07-05,Damaged,Rejected
RET0000396,ORD0002966,ITEM00003086,2026-06-02,Wrong Item,Approved
RET0000397,ORD0002508,ITEM00000339,2026-09-26,Damaged,Approved
RET0000398,ORD0002571,ITEM00001388,2026-05-20,Damaged,Rejected
RET0000399,ORD0003539,ITEM00001029,2026-06-01,Quality Issue,Approved
RET0000400,ORD0001198,ITEM00003541,2026-08-14,Damaged,Approved
RET0000401,ORD0003537,ITEM00002090,2026-07-06,Customer Changed Mind,Approved
RET0000402,ORD0000908,ITEM00000668,2026-05-27,Damaged,Approved
RET0000403,ORD0000228,ITEM00001094,2026-08-14,Customer Changed Mind,Approved
RET0000404,ORD0003587,ITEM00002200,2026-04-01,Damaged,Approved
RET0000405,ORD0001037,ITEM00003721,2026-05-01,Quality Issue,Approved
RET0000406,ORD0004054,ITEM00001232,2026-07-18,Quality Issue,Approved
RET0000407,ORD0001986,ITEM00003774,2026-06-07,Customer Changed Mind,Approved
RET0000408,ORD0004165,ITEM00000638,2026-08-04,Wrong Item,Approved
RET0000409,ORD0001160,ITEM00000302,2026-01-26,Customer Changed Mind,Approved
RET0000410,ORD0002239,ITEM00002979,2026-09-02,Late Delivery,Approved
RET0000411,ORD0001421,ITEM00000518,2026-06-04,Quality Issue,Approved
RET0000412,ORD0000666,ITEM00000863,2026-03-09,Wrong Item,Approved
RET0000413,ORD0000487,ITEM00003153,2026-08-21,Late Delivery,Approved
RET0000414,ORD0002878,ITEM00003717,2026-05-16,Customer Changed Mind,Approved
RET0000415,ORD0000611,ITEM00000787,2026-04-25,Late Delivery,Approved
RET0000416,ORD0002432,ITEM00001975,2026-09-20,Late Delivery,Approved
RET0000417,ORD0002309,ITEM00003524,2026-01-09,Quality Issue,Approved
RET0000418,ORD0002452,ITEM00003839,2026-07-11,Late Delivery,Approved
RET0000419,ORD0000958,ITEM00002641,2026-06-16,Customer Changed Mind,Approved
RET0000420,ORD0000067,ITEM00002770,2026-03-02,Customer Changed Mind,Approved
RET0000421,ORD0001607,ITEM00002026,2026-04-03,Late Delivery,Approved
RET0000422,ORD0002196,ITEM00000505,2026-03-30,Damaged,Approved
RET0000423,ORD0002700,ITEM00000197,2026-04-14,Quality Issue,Approved
RET0000424,ORD0002961,ITEM00000386,2026-08-18,Customer Changed Mind,Approved
RET0000425,ORD0002960,ITEM00001169,2026-05-21,Late Delivery,Approved
RET0000426,ORD0000259,ITEM00001733,2026-06-24,Quality Issue,Approved
RET0000427,ORD0001842,ITEM00001057,2026-05-10,Wrong Item,Approved
RET0000428,ORD0002029,ITEM00003313,2026-05-03,Damaged,Approved
RET0000429,ORD0003388,ITEM00002361,2026-08-07,Late Delivery,Approved
RET0000430,ORD0000926,ITEM00001365,2026-02-25,Wrong Item,Approved
RET0000431,ORD0000657,ITEM00003120,2026-08-23,Customer Changed Mind,Approved
RET0000432,ORD0003354,ITEM00001363,2026-06-18,Customer Changed Mind,Approved
RET0000433,ORD0002544,ITEM00001910,2026-02-02,Wrong Item,Approved
RET0000434,ORD0003119,ITEM00000472,2026-06-29,Customer Changed Mind,Approved
RET0000435,ORD0001339,ITEM00000718,2026-08-30,Damaged,Approved
RET0000436,ORD0001533,ITEM00001366,2026-02-20,Customer Changed Mind,Approved
RET0000437,ORD0003957,ITEM00001486,2026-06-15,Wrong Item,Rejected
RET0000438,ORD0001100,ITEM00001981,2026-04-18,Wrong Item,Approved
RET0000439,ORD0003830,ITEM00000403,2026-06-04,Late Delivery,Approved
RET0000440,ORD0002477,ITEM00003379,2026-03-16,Customer Changed Mind,Approved
RET0000441,ORD0000983,ITEM00001585,2026-05-18,Late Delivery,Approved
RET0000442,ORD0001036,ITEM00001720,2026-05-18,Wrong Item,Rejected
RET0000443,ORD0000920,ITEM00000471,2026-03-23,Customer Changed Mind,Rejected
RET0000444,ORD0004145,ITEM00002338,2026-09-15,Wrong Item,Approved
RET0000445,ORD0003491,ITEM00001982,2026-06-25,Damaged,Approved
RET0000446,ORD0001302,ITEM00001321,2026-01-28,Damaged,Approved
RET0000447,ORD0003539,ITEM00002628,2026-05-19,Wrong Item,Approved
RET0000448,ORD0003583,ITEM00003136,2026-07-23,Quality Issue,Approved
RET0000449,ORD0000904,ITEM00003414,2026-07-22,Damaged,Approved
RET0000450,ORD0003259,ITEM00001114,2026-05-18,Customer Changed Mind,Approved
RET0000451,ORD0003286,ITEM00002771,2026-05-28,Quality Issue,Approved
RET0000452,ORD0002131,ITEM00003055,2026-07-20,Damaged,Approved
RET0000453,ORD0001990,ITEM00002049,2026-08-30,Quality Issue,Approved
RET0000454,ORD0003434,ITEM00000583,2026-05-05,Late Delivery,Approved
RET0000455,ORD0000875,ITEM00002283,2026-01-25,Wrong Item,Approved
RET0000456,ORD0000551,ITEM00003857,2026-03-22,Late Delivery,Approved
RET0000457,ORD0003242,ITEM00001087,2026-07-30,Wrong Item,Approved
RET0000458,ORD0003884,ITEM00000971,2026-05-06,Customer Changed Mind,Approved
RET0000459,ORD0000060,ITEM00002158,2026-02-07,Late Delivery,Approved
RET0000460,ORD0002789,ITEM00002087,2026-07-06,Customer Changed Mind,Approved
RET0000461,ORD0003650,ITEM00000578,2026-08-17,Damaged,Approved
RET0000462,ORD0002520,ITEM00002768,2026-10-01,Customer Changed Mind,Approved
RET0000463,ORD0001742,ITEM00002564,2026-02-09,Damaged,Approved
RET0000464,ORD0004148,ITEM00003575,2026-03-23,Damaged,Approved
RET0000465,ORD0003795,ITEM00000774,2026-05-02,Damaged,Approved
RET0000466,ORD0001695,ITEM00001742,2026-06-06,Late Delivery,Approved
RET0000467,ORD0000060,ITEM00002996,2026-01-29,Damaged,Approved
RET0000468,ORD0003352,ITEM00003579,2026-04-12,Quality Issue,Approved
RET0000469,ORD0003714,ITEM00003125,2026-04-20,Late Delivery,Approved
RET0000470,ORD0003035,ITEM00002604,2026-06-27,Damaged,Approved
RET0000471,ORD0002147,ITEM00000086,2026-08-01,Quality Issue,Approved
RET0000472,ORD0001623,ITEM00000970,2026-02-04,Customer Changed Mind,Approved
RET0000473,ORD0000094,ITEM00001015,2026-03-11,Wrong Item,Approved
RET0000474,ORD0000806,ITEM00003971,2026-08-04,Damaged,Approved
RET0000475,ORD0000468,ITEM00002191,2026-03-10,Quality Issue,Approved
RET0000476,ORD0003103,ITEM00001275,2026-08-03,Damaged,Approved
RET0000477,ORD0001302,ITEM00000735,2026-01-11,Wrong Item,Approved
RET0000478,ORD0002299,ITEM00001723,2026-07-15,Late Delivery,Approved
RET0000479,ORD0000080,ITEM00000204,2026-07-07,Late Delivery,Approved
RET0000480,ORD0000930,ITEM00003572,2026-08-30,Customer Changed Mind,Approved
RET0000481,ORD0000595,ITEM00000260,2026-02-18,Late Delivery,Approved
RET0000482,ORD0003320,ITEM00003290,2026-01-29,Wrong Item,Approved
RET0000483,ORD0003427,ITEM00002978,2026-03-30,Late Delivery,Approved
RET0000484,ORD0000984,ITEM00000371,2026-06-27,Customer Changed Mind,Approved
RET0000485,ORD0001071,ITEM00001466,2026-06-13,Damaged,Approved
RET0000486,ORD0002724,ITEM00000305,2026-02-07,Customer Changed Mind,Approved
RET0000487,ORD0002273,ITEM00000904,2026-07-15,Quality Issue,Approved
RET0000488,ORD0002953,ITEM00003122,2026-09-10,Customer Changed Mind,Approved
RET0000489,ORD0002466,ITEM00001148,2026-05-24,Damaged,Approved
RET0000490,ORD0002821,ITEM00001440,2026-02-20,Late Delivery,Approved
RET0000491,ORD0003980,ITEM00003779,2026-02-14,Wrong Item,Approved
RET0000492,ORD0001404,ITEM00003777,2026-05-23,Damaged,Approved
RET0000493,ORD0003507,ITEM00003447,2026-03-24,Wrong Item,Approved
RET0000494,ORD0003428,ITEM00002562,2026-03-17,Wrong Item,Approved
RET0000495,ORD0001033,ITEM00003960,2026-03-14,Damaged,Approved
RET0000496,ORD0004140,ITEM00001172,2026-02-25,Damaged,Approved
RET0000497,ORD0004095,ITEM00003354,2026-04-24,Late Delivery,Rejected
RET0000498,ORD0001690,ITEM00002433,2026-04-29,Wrong Item,Approved
RET0000499,ORD0003152,ITEM00002277,2026-04-23,Customer Changed Mind,Approved
RET0000500,ORD0002242,ITEM00002900,2026-04-23,Damaged,Approved
RET0000501,ORD0004120,ITEM00000887,2026-08-06,Late Delivery,Approved
RET0000502,ORD0003420,ITEM00000826,2026-07-23,Wrong Item,Approved
RET0000503,ORD0001823,ITEM00002398,2026-05-30,Customer Changed Mind,Approved
RET0000504,ORD0002294,ITEM00001741,2026-07-23,Damaged,Approved
RET0000505,ORD0002563,ITEM00001679,2026-05-28,Late Delivery,Approved
RET0000506,ORD0001702,ITEM00001926,2026-06-28,Quality Issue,Approved
RET0000507,ORD0000034,ITEM00001749,2026-07-29,Customer Changed Mind,Approved
RET0000508,ORD0002735,ITEM00000501,2026-09-13,Wrong Item,Approved
RET0000509,ORD0003863,ITEM00000045,2026-03-01,Late Delivery,Approved
RET0000510,ORD0000301,ITEM00002041,2026-02-19,Late Delivery,Approved
RET0000511,ORD0003282,ITEM00003744,2026-05-11,Customer Changed Mind,Approved
RET0000512,ORD0003431,ITEM00000264,2026-04-25,Damaged,Approved
RET0000513,ORD0001598,ITEM00000077,2026-07-12,Damaged,Approved
RET0000514,ORD0003839,ITEM00001858,2026-02-12,Quality Issue,Approved
RET0000515,ORD0004038,ITEM00003783,2026-04-02,Customer Changed Mind,Approved
RET0000516,ORD0000511,ITEM00000170,2026-09-25,Damaged,Approved
RET0000517,ORD0002454,ITEM00000673,2026-07-07,Damaged,Approved
RET0000518,ORD0002326,ITEM00001477,2026-05-04,Late Delivery,Approved
RET0000519,ORD0003275,ITEM00001405,2026-04-24,Quality Issue,Approved
RET0000520,ORD0001320,ITEM00002589,2026-03-03,Quality Issue,Approved
RET0000521,ORD0000684,ITEM00003355,2026-08-01,Damaged,Approved
RET0000522,ORD0002251,ITEM00001515,2026-03-20,Damaged,Approved
RET0000523,ORD0002332,ITEM00002293,2026-09-18,Damaged,Approved
RET0000524,ORD0003238,ITEM00003113,2026-04-18,Damaged,Approved
RET0000525,ORD0001221,ITEM00002492,2026-03-30,Quality Issue,Approved
RET0000526,ORD0003755,ITEM00003495,2026-05-01,Customer Changed Mind,Approved
RET0000527,ORD0003897,ITEM00003982,2026-02-21,Wrong Item,Approved
RET0000528,ORD0001347,ITEM00002840,2026-09-06,Late Delivery,Approved
RET0000529,ORD0002389,ITEM00003351,2026-01-16,Late Delivery,Approved
RET0000530,ORD0003541,ITEM00002546,2026-08-25,Late Delivery,Approved
RET0000531,ORD0003025,ITEM00002306,2026-02-05,Customer Changed Mind,Approved
RET0000532,ORD0000913,ITEM00002195,2026-05-23,Damaged,Approved
RET0000533,ORD0002034,ITEM00001887,2026-08-31,Quality Issue,Approved
RET0000534,ORD0004099,ITEM00003210,2026-03-13,Quality Issue,Approved
RET0000535,ORD0001447,ITEM00002161,2026-02-26,Late Delivery,Approved
RET0000536,ORD0003901,ITEM00000639,2026-05-19,Damaged,Approved
RET0000537,ORD0001784,ITEM00001346,2026-03-04,Wrong Item,Approved
RET0000538,ORD0002511,ITEM00002210,2026-08-28,Late Delivery,Approved
RET0000539,ORD0001747,ITEM00003759,2026-04-18,Late Delivery,Approved
RET0000540,ORD0001908,ITEM00003498,2026-04-09,Damaged,Approved
RET0000541,ORD0003462,ITEM00003938,2026-03-14,Quality Issue,Approved
RET0000542,ORD0001996,ITEM00002837,2026-05-26,Late Delivery,Approved
RET0000543,ORD0001584,ITEM00000477,2026-08-29,Quality Issue,Approved
RET0000544,ORD0001074,ITEM00000944,2026-08-21,Wrong Item,Approved
RET0000545,ORD0000495,ITEM00000219,2026-05-27,Customer Changed Mind,Rejected
RET0000546,ORD0002391,ITEM00002926,2026-08-12,Quality Issue,Approved
RET0000547,ORD0003181,ITEM00002092,2026-03-08,Customer Changed Mind,Approved
RET0000548,ORD0003396,ITEM00000326,2026-01-20,Wrong Item,Approved
RET0000549,ORD0001112,ITEM00002951,2026-03-30,Late Delivery,Approved
RET0000550,ORD0000311,ITEM00001264,2026-02-20,Damaged,Approved
RET0000551,ORD0000820,ITEM00002485,2026-06-25,Wrong Item,Approved
RET0000552,ORD0000143,ITEM00003371,2026-05-30,Wrong Item,Approved
RET0000553,ORD0003507,ITEM00003399,2026-03-26,Wrong Item,Approved
RET0000554,ORD0001261,ITEM00001337,2026-05-04,Quality Issue,Approved
RET0000555,ORD0000680,ITEM00003829,2026-04-30,Customer Changed Mind,Approved
RET0000556,ORD0001836,ITEM00001123,2026-06-18,Quality Issue,Approved
RET0000557,ORD0002249,ITEM00002147,2026-05-15,Quality Issue,Approved
RET0000558,ORD0002363,ITEM00001573,2026-05-08,Quality Issue,Approved
RET0000559,ORD0002433,ITEM00003118,2026-06-18,Customer Changed Mind,Approved
RET0000560,ORD0002722,ITEM00000330,2026-06-07,Late Delivery,Approved
RET0000561,ORD0003923,ITEM00000307,2026-09-15,Wrong Item,Approved
RET0000562,ORD0000015,ITEM00002444,2026-09-07,Customer Changed Mind,Approved
RET0000563,ORD0002456,ITEM00002673,2026-06-24,Late Delivery,Approved
RET0000564,ORD0000942,ITEM00001340,2026-09-09,Wrong Item,Approved
RET0000565,ORD0003856,ITEM00002761,2026-07-03,Customer Changed Mind,Approved
RET0000566,ORD0002852,ITEM00002555,2026-08-14,Wrong Item,Approved
RET0000567,ORD0000331,ITEM00000678,2026-03-06,Quality Issue,Approved
RET0000568,ORD0002601,ITEM00003124,2026-08-04,Wrong Item,Approved
RET0000569,ORD0001399,ITEM00002618,2026-03-09,Quality Issue,Approved
RET0000570,ORD0003732,ITEM00000918,2026-02-08,Wrong Item,Approved
RET0000571,ORD0002061,ITEM00001851,2026-01-22,Late Delivery,Approved
RET0000572,ORD0003341,ITEM00001972,2026-06-10,Customer Changed Mind,Approved
RET0000573,ORD0002220,ITEM00002567,2026-03-27,Late Delivery,Approved
RET0000574,ORD0002483,ITEM00003713,2026-08-15,Quality Issue,Approved
RET0000575,ORD0002338,ITEM00002616,2026-03-25,Late Delivery,Approved
RET0000576,ORD0003246,ITEM00001356,2026-09-05,Customer Changed Mind,Approved
RET0000577,ORD0001339,ITEM00000142,2026-08-22,Wrong Item,Approved
RET0000578,ORD0002524,ITEM00000542,2026-03-22,Late Delivery,Approved
RET0000579,ORD0003793,ITEM00002014,2026-09-02,Wrong Item,Approved
RET0000580,ORD0003752,ITEM00001033,2026-03-30,Quality Issue,Approved
RET0000581,ORD0000648,ITEM00002766,2026-08-23,Quality Issue,Approved
RET0000582,ORD0004191,ITEM00003133,2026-08-18,Wrong Item,Approved
RET0000583,ORD0000031,ITEM00002000,2026-07-18,Customer Changed Mind,Approved
RET0000584,ORD0003986,ITEM00000253,2026-07-24,Customer Changed Mind,Approved
RET0000585,ORD0001918,ITEM00000172,2026-05-07,Late Delivery,Approved
RET0000586,ORD0003702,ITEM00000592,2026-07-22,Late Delivery,Approved
RET0000587,ORD0000765,ITEM00003715,2026-04-04,Quality Issue,Approved
RET0000588,ORD0000792,ITEM00002535,2026-04-15,Wrong Item,Approved
RET0000589,ORD0003099,ITEM00002296,2026-06-11,Wrong Item,Approved
RET0000590,ORD0000071,ITEM00001404,2026-02-26,Damaged,Rejected
RET0000591,ORD0004091,ITEM00002291,2026-04-12,Wrong Item,Approved
RET0000592,ORD0001455,ITEM00003062,2026-07-31,Wrong Item,Approved
RET0000593,ORD0000249,ITEM00003972,2026-08-07,Damaged,Approved
RET0000594,ORD0003593,ITEM00001983,2026-08-14,Customer Changed Mind,Approved
RET0000595,ORD0002246,ITEM00002556,2026-09-03,Wrong Item,Approved
RET0000596,ORD0003166,ITEM00002182,2026-06-17,Customer Changed Mind,Approved
RET0000597,ORD0000602,ITEM00000990,2026-05-07,Quality Issue,Rejected
RET0000598,ORD0003288,ITEM00003889,2026-01-29,Quality Issue,Approved
RET0000599,ORD0001602,ITEM00002908,2026-04-09,Customer Changed Mind,Rejected
RET0000600,ORD0004086,ITEM00003082,2026-06-23,Damaged,Approved
RET0000601,ORD0000442,ITEM00002481,2026-09-03,Late Delivery,Approved
RET0000602,ORD0001673,ITEM00002113,2026-06-10,Quality Issue,Approved
RET0000603,ORD0002654,ITEM00002451,2026-04-01,Quality Issue,Approved
RET0000604,ORD0001408,ITEM00002266,2026-06-06,Wrong Item,Approved
RET0000605,ORD0000367,ITEM00000659,2026-06-29,Quality Issue,Approved
RET0000606,ORD0001377,ITEM00000765,2026-08-11,Late Delivery,Approved
RET0000607,ORD0001428,ITEM00002778,2026-03-06,Damaged,Approved
RET0000608,ORD0003924,ITEM00003325,2026-04-28,Quality Issue,Approved
RET0000609,ORD0002366,ITEM00003397,2026-06-04,Quality Issue,Approved
RET0000610,ORD0003143,ITEM00000101,2026-03-09,Wrong Item,Approved
RET0000611,ORD0002581,ITEM00000323,2026-09-19,Wrong Item,Approved
RET0000612,ORD0002699,ITEM00001129,2026-06-22,Damaged,Approved
RET0000613,ORD0001152,ITEM00002493,2026-08-11,Customer Changed Mind,Approved
RET0000614,ORD0002371,ITEM00002775,2026-02-03,Late Delivery,Approved
RET0000615,ORD0002435,ITEM00002379,2026-04-18,Damaged,Approved
RET0000616,ORD0001340,ITEM00003768,2026-01-25,Damaged,Approved
RET0000617,ORD0002666,ITEM00000506,2026-05-17,Customer Changed Mind,Approved
RET0000618,ORD0000042,ITEM00001551,2026-05-09,Damaged,Approved
RET0000619,ORD0004061,ITEM00001974,2026-03-13,Late Delivery,Approved
RET0000620,ORD0002604,ITEM00003237,2026-05-14,Damaged,Approved
